link_id;demand_ab;demand_ba;demand_tot;Preload_AB;Preload_BA;Preload_tot;Congested_Time_AB;Congested_Time_BA;Congested_Time_Max;Delay_factor_AB;Delay_factor_BA;Delay_factor_Max;VOC_AB;VOC_BA;VOC_max;PCE_AB;PCE_BA;PCE_tot
1;318.0000000000004;1947.0000000000002;2265.0000000000005;0.0;0.0;0.0;1.973946652860991;1.973946652865243;1.973946652865243;1.0000000000000016;1.0000000000021556;1.0000000000021556;0.0003180000000000004;0.0019470000000000002;0.0019470000000000002;318.0000000000004;1947.0000000000002;2265.0000000000005
2;221.07199999999997;1211.0159999999998;1432.0879999999997;0.0;0.0;0.0;4.845259387824752;4.845259387826314;4.845259387826314;1.0000000000000004;1.0000000000003226;1.0000000000003226;0.00022107199999999997;0.0012110159999999999;0.0012110159999999999;221.07199999999997;1211.0159999999998;1432.0879999999997
3;3188.984000000001;743.9280000000006;3932.912000000001;0.0;0.0;0.0;4.385758832920723;4.385758832852887;4.385758832920723;1.0000000000155131;1.000000000000046;1.0000000000155131;0.003188984000000001;0.0007439280000000006;0.003188984000000001;3188.984000000001;743.9280000000006;3932.912000000001
4;958.0000000000007;145.00000000000009;1103.0000000000007;0.0;0.0;0.0;1.85056936594714;1.8505693659469062;1.85056936594714;1.0000000000001263;1.0;1.0000000000001263;0.0009580000000000007;0.00014500000000000008;0.0009580000000000007;958.0000000000007;145.00000000000009;1103.0000000000007
5;2873.9999999999986;254.99999999999997;3128.9999999999986;0.0;0.0;0.0;2.158383032769281;2.1583830327471936;2.158383032769281;1.0000000000102338;1.0000000000000007;1.0000000000102338;0.0028739999999999985;0.00025499999999999996;0.0028739999999999985;2873.9999999999986;254.99999999999997;3128.9999999999986
6;911.768;938.1520000000004;1849.9200000000005;0.0;0.0;0.0;5.173839659200672;5.173839659200736;5.173839659200736;1.0000000000001037;1.0000000000001161;1.0000000000001161;0.000911768;0.0009381520000000004;0.0009381520000000004;911.768;938.1520000000004;1849.9200000000005
7;0.0;0.0;0.0;0.0;0.0;0.0;4.959517254489041;4.959517254489041;4.959517254489041;1.0;1.0;1.0;0.0;0.0;0.0;0.0;0.0;0.0
8;3559.2320000000013;2046.8480000000006;5606.080000000002;0.0;0.0;0.0;5.2454393071562295;5.245439307043771;5.2454393071562295;1.0000000000240723;1.000000000002633;1.0000000000240723;0.003559232000000001;0.002046848000000001;0.003559232000000001;3559.2320000000013;2046.8480000000006;5606.080000000002
9;3021.46;910.000000000001;3931.460000000001;0.0;0.0;0.0;2.505390158193682;2.505390158162619;2.505390158193682;1.0000000000125013;1.0000000000001028;1.0000000000125013;0.00302146;0.000910000000000001;0.00302146;3021.46;910.000000000001;3931.460000000001
10;627.5400000000003;0.0;627.5400000000003;0.0;0.0;0.0;2.9061780292107353;2.9061780292106674;2.9061780292107353;1.0000000000000233;1.0;1.0000000000000233;0.0006275400000000003;0.0;0.0006275400000000003;627.5400000000003;0.0;627.5400000000003
11;2498.000000000002;1328.1040000000007;3826.1040000000025;0.0;0.0;0.0;4.756756107890339;4.756756107864777;4.756756107890339;1.0000000000058407;1.0000000000004667;1.0000000000058407;0.002498000000000002;0.0013281040000000007;0.002498000000000002;2498.000000000002;1328.1040000000007;3826.1040000000025
12;3728.0000000000045;1346.8960000000004;5074.896000000005;0.0;0.0;0.0;3.5231045148561013;3.523104514755765;3.5231045148561013;1.000000000028973;1.0000000000004936;1.000000000028973;0.0037280000000000047;0.0013468960000000004;0.0037280000000000047;3728.0000000000045;1346.8960000000004;5074.896000000005
13;1069.3639999999991;4674.808000000003;5744.172000000002;0.0;0.0;0.0;3.146086583341185;3.1460865835659493;3.1460865835659493;1.000000000000196;1.0000000000716385;1.0000000000716385;0.001069363999999999;0.0046748080000000025;0.0046748080000000025;1069.3639999999991;4674.808000000003;5744.172000000002
14;3638.6360000000022;2548.1920000000005;6186.828000000003;0.0;0.0;0.0;3.0306184109724104;3.0306184109118925;3.0306184109724104;1.0000000000262934;1.0000000000063245;1.0000000000262934;0.0036386360000000024;0.0025481920000000003;0.0036386360000000024;3638.6360000000022;2548.1920000000005;6186.828000000003
15;380.0000000000002;13657.735999999997;14037.735999999997;0.0;0.0;0.0;1.5365590938016593;1.5365591018213038;1.5365591018213038;1.000000000000003;1.0000000052192262;1.0000000052192262;0.00038000000000000024;0.013657735999999997;0.013657735999999997;380.0000000000002;13657.735999999997;14037.735999999997
16;6595.167999999997;10155.748000000007;16750.916000000005;0.0;0.0;0.0;1.5767938828517207;1.5767938849202632;1.5767938849202632;1.0000000002837885;1.0000000015956547;1.0000000015956547;0.006595167999999997;0.010155748000000006;0.010155748000000006;6595.167999999997;10155.748000000007;16750.916000000005
17;4885.832;11218.515999999996;16104.347999999996;0.0;0.0;0.0;2.063599651400332;2.063599656126903;2.063599656126903;1.0000000000854763;1.000000002375926;1.000000002375926;0.0048858320000000005;0.011218515999999996;0.011218515999999996;4885.832;11218.515999999996;16104.347999999996
18;6101.571999999999;7808.016000000006;13909.588000000005;0.0;0.0;0.0;1.0481628829687977;1.048162883335246;1.048162883335246;1.0000000002079017;1.0000000005575118;1.0000000005575118;0.0061015719999999996;0.007808016000000006;0.007808016000000006;6101.571999999999;7808.016000000006;13909.588000000005
19;5012.067999999997;6556.479999999998;11568.547999999995;0.0;0.0;0.0;5.485983994660108;5.485983995661462;5.485983995661462;1.0000000000946583;1.0000000002771878;1.0000000002771878;0.005012067999999996;0.006556479999999997;0.006556479999999997;5012.067999999997;6556.479999999998;11568.547999999995
20;5883.360000000003;6908.504000000005;12791.864000000009;0.0;0.0;0.0;5.500197522182562;5.500197523073416;5.500197523073416;1.0000000001797185;1.000000000341686;1.000000000341686;0.005883360000000003;0.006908504000000005;0.006908504000000005;5883.360000000003;6908.504000000005;12791.864000000009
21;2221.7800000000043;433.20399999999995;2654.984000000004;0.0;0.0;0.0;3.4576988209850987;3.4576988209724786;3.4576988209850987;1.000000000003655;1.0000000000000053;1.000000000003655;0.0022217800000000044;0.00043320399999999997;0.0022217800000000044;2221.7800000000043;433.20399999999995;2654.984000000004
22;2186.22;367.796;2554.0159999999996;0.0;0.0;0.0;3.0332305787655858;3.0332305787552003;3.0332305787655858;1.0000000000034266;1.0000000000000027;1.0000000000034266;0.00218622;0.000367796;0.00218622;2186.22;367.796;2554.0159999999996
23;1902.8320000000012;381.47600000000085;2284.3080000000023;0.0;0.0;0.0;2.813805442206204;2.8138054422006795;2.813805442206204;1.0000000000019664;1.000000000000003;1.0000000000019664;0.0019028320000000012;0.00038147600000000087;0.0019028320000000012;1902.8320000000012;381.47600000000085;2284.3080000000023
24;1395.1680000000006;351.5240000000001;1746.6920000000007;0.0;0.0;0.0;2.071811987022336;2.071811987021163;2.071811987022336;1.0000000000005684;1.0000000000000022;1.0000000000005684;0.0013951680000000007;0.00035152400000000014;0.0013951680000000007;1395.1680000000006;351.5240000000001;1746.6920000000007
25;3403.3200000000006;921.3480000000006;4324.6680000000015;0.0;0.0;0.0;1.6991958111569403;1.6991958111229304;1.6991958111569403;1.0000000000201235;1.0000000000001081;1.0000000000201235;0.0034033200000000005;0.0009213480000000007;0.0034033200000000005;3403.3200000000006;921.3480000000006;4324.6680000000015
26;774.6799999999997;378.6520000000002;1153.3319999999999;0.0;0.0;0.0;1.9588947127576697;1.95889471275757;1.9588947127576697;1.000000000000054;1.000000000000003;1.000000000000054;0.0007746799999999997;0.0003786520000000002;0.0007746799999999997;774.6799999999997;378.6520000000002;1153.3319999999999
27;2449.0000000000005;1330.9999999999998;3780.0;0.0;0.0;0.0;2.903516134103413;2.9035161340891134;2.903516134103413;1.0000000000053957;1.0000000000004707;1.0000000000053957;0.0024490000000000007;0.0013309999999999997;0.0024490000000000007;2449.0000000000005;1330.9999999999998;3780.0
28;3226.9999999999995;2296.0000000000014;5523.000000000001;0.0;0.0;0.0;4.728080045085885;4.728080045028685;4.728080045085885;1.0000000000162663;1.0000000000041684;1.0000000000162663;0.0032269999999999994;0.002296000000000001;0.0032269999999999994;3226.9999999999995;2296.0000000000014;5523.000000000001
29;395.00000000000017;537.0;932.0000000000002;0.0;0.0;0.0;5.284578511831154;5.284578511831201;5.284578511831201;1.0000000000000036;1.0000000000000124;1.0000000000000124;0.00039500000000000017;0.000537;0.000537;395.00000000000017;537.0;932.0000000000002
32;6745.0;3050.396000000002;9795.396000000002;0.0;0.0;0.0;5.380203358251172;5.3802033566506555;5.380203358251172;1.0000000003104696;1.0000000000129872;1.0000000003104696;0.006745;0.003050396000000002;0.006745;6745.0;3050.396000000002;9795.396000000002
33;682.0000000000011;1643.6039999999998;2325.604000000001;0.0;0.0;0.0;7.646352676370487;7.646352676378609;7.646352676378609;1.0000000000000324;1.0000000000010947;1.0000000000010947;0.0006820000000000012;0.001643604;0.001643604;682.0000000000011;1643.6039999999998;2325.604000000001
101;1947.0000000000002;318.0000000000004;2265.0000000000005;0.0;0.0;0.0;100.65952471480563;99.38498691375574;100.65952471480563;1.0128334984375724;1.0000091325011573;1.0128334984375724;0.5408333333333334;0.08833333333333344;0.5408333333333334;1947.0000000000002;318.0000000000004;2265.0000000000005
102;584.3119999999997;384.80000000000007;969.1119999999997;0.0;0.0;0.0;93.25719418343401;93.24931272503568;93.25719418343401;1.0001041023367234;1.0000195803977396;1.0001041023367234;0.1623088888888888;0.10688888888888891;0.1623088888888888;584.3119999999997;384.80000000000007;969.1119999999997
103;403.6440000000003;351.60000000000025;755.2440000000006;0.0;0.0;0.0;126.27104574452616;126.26841215183919;126.27104574452616;1.0000491586836726;1.000028300995076;1.0000491586836726;0.13454800000000008;0.11720000000000008;0.13454800000000008;403.6440000000003;351.60000000000025;755.2440000000006
104;289.8680000000002;48.216000000000015;338.08400000000023;0.0;0.0;0.0;183.91640578443227;183.91400313982655;183.91640578443227;1.0000130739655508;1.000000010008545;1.0000130739655508;0.09662266666666675;0.016072000000000006;0.09662266666666675;289.8680000000002;48.216000000000015;338.08400000000023
105;1600.7200000000018;226.68800000000007;1827.408000000002;0.0;0.0;0.0;49.94022483517048;49.3405785791116;49.94022483517048;1.0121581563796538;1.000004890129537;1.0121581563796538;0.5335733333333339;0.0755626666666667;0.5335733333333339;1600.7200000000018;226.68800000000007;1827.408000000002
106;507.60000000000025;134.68800000000002;642.2880000000002;0.0;0.0;0.0;92.91323416874249;92.90186945030898;92.91323416874249;1.0001229398542375;1.0000006094272318;1.0001229398542375;0.16920000000000007;0.044896000000000005;0.16920000000000007;507.60000000000025;134.68800000000002;642.2880000000002
107;1828.72;1809.772;3638.492;0.0;0.0;0.0;86.72757816459048;86.69258108737426;86.72757816459048;1.0099878063755985;1.0095802471885993;1.0099878063755985;0.5079777777777778;0.5027144444444445;0.5079777777777778;1828.72;1809.772;3638.492
108;968.8400000000007;604.9640000000005;1573.8040000000012;0.0;0.0;0.0;38.14794782799917;37.32495218268226;38.14794782799917;1.0261056473385415;1.003968664159203;1.0261056473385415;0.6458933333333338;0.4033093333333337;0.6458933333333338;968.8400000000007;604.9640000000005;1573.8040000000012
109;938.1520000000004;911.768;1849.9200000000005;0.0;0.0;0.0;142.64653433323608;142.4781352811957;142.64653433323608;1.0110686351861746;1.0098750345108483;1.0110686351861746;0.5211955555555557;0.5065377777777778;0.5211955555555557;938.1520000000004;911.768;1849.9200000000005
111;0.0;0.0;0.0;0.0;0.0;0.0;51.37544711627724;51.37544711627724;51.37544711627724;1.0;1.0;1.0;0.0;0.0;0.0;0.0;0.0;0.0
112;958.0000000000007;145.00000000000009;1103.0000000000007;0.0;0.0;0.0;202.06871705110692;199.66690711911045;202.06871705110692;1.012035476104481;1.0000063164526891;1.012035476104481;0.5322222222222226;0.0805555555555556;0.5322222222222226;958.0000000000007;145.00000000000009;1103.0000000000007
113;1211.0159999999998;221.07199999999997;1432.0879999999997;0.0;0.0;0.0;61.06622692038444;59.24747600949584;61.06622692038444;1.0307327032884257;1.0000341299930333;1.0307327032884257;0.6727866666666665;0.12281777777777776;0.6727866666666665;1211.0159999999998;221.07199999999997;1432.0879999999997
114;3188.984000000001;743.9280000000006;3932.912000000001;0.0;0.0;0.0;126.21710437865461;51.16247164353406;126.21710437865461;2.4777827736923372;1.0043764790987408;2.4777827736923372;1.7716577777777782;0.4132933333333336;1.7716577777777782;3188.984000000001;743.9280000000006;3932.912000000001
115;263.0800000000001;1692.568000000001;1955.648000000001;0.0;0.0;0.0;29.07364449507621;29.213371546727753;29.213371546727753;1.0000028067428597;1.0048087898335971;1.0048087898335971;0.06577000000000002;0.42314200000000024;0.42314200000000024;263.0800000000001;1692.568000000001;1955.648000000001
116;263.0800000000001;1692.568000000001;1955.648000000001;0.0;0.0;0.0;55.8459402614327;56.114334152702845;56.114334152702845;1.0000028067428597;1.0048087898335971;1.0048087898335971;0.06577000000000002;0.42314200000000024;0.42314200000000024;263.0800000000001;1692.568000000001;1955.648000000001
117;263.0800000000001;1692.568000000001;1955.648000000001;0.0;0.0;0.0;75.54783327603852;75.91091386623116;75.91091386623116;1.0000028067428597;1.0048087898335971;1.0048087898335971;0.06577000000000002;0.42314200000000024;0.42314200000000024;263.0800000000001;1692.568000000001;1955.648000000001
118;180.66800000000018;33.20000000000003;213.86800000000022;0.0;0.0;0.0;61.84231981883046;61.842197942158826;61.84231981883046;1.0000019730186385;1.000000002249876;1.0000019730186385;0.06022266666666672;0.011066666666666678;0.06022266666666672;180.66800000000018;33.20000000000003;213.86800000000022
119;180.66800000000018;33.20000000000003;213.86800000000022;0.0;0.0;0.0;120.60449510209848;120.60391482273651;120.60449510209848;1.0000048169400353;1.0000000054928613;1.0000048169400353;0.0752783333333334;0.013833333333333347;0.0752783333333334;180.66800000000018;33.20000000000003;213.86800000000022
120;4182.076000000003;853.1680000000008;5035.244000000003;0.0;0.0;0.0;117.66606348354922;49.49610496049894;117.66606348354922;2.3829738738178348;1.0023954357332987;2.3829738738178348;1.742531666666668;0.355486666666667;1.742531666666668;4182.076000000003;853.1680000000008;5035.244000000003
121;1129.720000000001;558.8680000000005;1688.5880000000016;0.0;0.0;0.0;183.63150571858466;165.43448215559903;183.63150571858466;1.1178282816778464;1.0070567258848206;1.1178282816778464;0.9414333333333341;0.46572333333333377;0.9414333333333341;1129.720000000001;558.8680000000005;1688.5880000000016
122;91.932;1906.0520000000013;1997.9840000000013;0.0;0.0;0.0;65.87085524990849;67.48089320209732;67.48089320209732;1.0000001322735697;1.0244424772081533;1.0244424772081533;0.030644;0.6353506666666671;0.6353506666666671;91.932;1906.0520000000013;1997.9840000000013
123;1878.1320000000012;565.4560000000004;2443.5880000000016;0.0;0.0;0.0;116.65089911366303;61.847348720221376;116.65089911366303;1.9000584722173122;1.0073953978317094;1.9000584722173122;1.565110000000001;0.47121333333333365;1.565110000000001;1878.1320000000012;565.4560000000004;2443.5880000000016
124;120.16400000000004;27.959999999999997;148.12400000000005;0.0;0.0;0.0;62.04188108552989;62.04094811634818;62.04188108552989;1.0000150821682532;1.0000000442094328;1.0000150821682532;0.10013666666666671;0.023299999999999998;0.10013666666666671;120.16400000000004;27.959999999999997;148.12400000000005
125;2437.680000000002;901.0680000000004;3338.7480000000023;0.0;0.0;0.0;251.53569002438164;125.32659347276417;251.53569002438164;2.0462440459429385;1.0195324395798344;2.0462440459429385;1.6251200000000015;0.6007120000000002;1.6251200000000015;2437.680000000002;901.0680000000004;3338.7480000000023
126;1321.1200000000013;1675.0840000000007;2996.204000000002;0.0;0.0;0.0;85.9511555227233;110.54305698784432;110.54305698784432;1.2203613091767191;1.569524794933299;1.569524794933299;1.1009333333333344;1.395903333333334;1.395903333333334;1321.1200000000013;1675.0840000000007;2996.204000000002
127;0.0;0.0;0.0;0.0;0.0;0.0;153.6896607418441;153.6896607418441;153.6896607418441;1.0;1.0;1.0;0.0;0.0;0.0;0.0;0.0;0.0
128;263.0800000000001;1692.568000000001;1955.648000000001;0.0;0.0;0.0;38.32326002656718;38.50744044928971;38.50744044928971;1.0000028067428597;1.0048087898335971;1.0048087898335971;0.06577000000000002;0.42314200000000024;0.42314200000000024;263.0800000000001;1692.568000000001;1955.648000000001
129;1720.4040000000005;3037.764000000003;4758.168000000003;0.0;0.0;0.0;49.09030942870859;51.276525523330434;51.276525523330434;1.0051330213220142;1.0498961938100853;1.0498961938100853;0.4301010000000001;0.7594410000000007;0.7594410000000007;1720.4040000000005;3037.764000000003;4758.168000000003
130;1720.4040000000005;3037.764000000003;4758.168000000003;0.0;0.0;0.0;52.700444875112645;55.04743681956194;55.04743681956194;1.0051330213220142;1.0498961938100853;1.0498961938100853;0.4301010000000001;0.7594410000000007;0.7594410000000007;1720.4040000000005;3037.764000000003;4758.168000000003
131;1216.5120000000009;658.4760000000003;1874.9880000000012;0.0;0.0;0.0;86.61587444233685;86.51439473402255;86.61587444233685;1.0012832665763471;1.0001101567453103;1.0012832665763471;0.30412800000000023;0.1646190000000001;0.30412800000000023;1216.5120000000009;658.4760000000003;1874.9880000000012
132;0.0;0.0;0.0;0.0;0.0;0.0;165.88840288790018;165.88840288790018;165.88840288790018;1.0;1.0;1.0;0.0;0.0;0.0;0.0;0.0;0.0
133;3260.0320000000033;501.9760000000004;3762.008000000004;0.0;0.0;0.0;291.26789258063104;67.13540458032621;291.26789258063104;4.346676044747403;1.0018812999203002;4.346676044747403;2.1733546666666688;0.33465066666666693;2.1733546666666688;3260.0320000000033;501.9760000000004;3762.008000000004
134;1039.0360000000003;3.2000000000000046;1042.2360000000003;0.0;0.0;0.0;327.1872479802687;229.31079990698382;327.1872479802687;1.4268287761655833;1.0000000000384;1.4268287761655833;1.2987950000000004;0.004000000000000006;1.2987950000000004;1039.0360000000003;3.2000000000000046;1042.2360000000003
135;1458.964000000002;1324.9040000000007;2783.8680000000027;0.0;0.0;0.0;161.70774075669274;129.42834229164833;161.70774075669274;2.6592415486877448;2.128415274303964;2.6592415486877448;1.8237050000000026;1.6561300000000008;1.8237050000000026;1458.964000000002;1324.9040000000007;2783.8680000000027
136;3021.46;910.000000000001;3931.460000000001;0.0;0.0;0.0;186.33640159874466;85.88425652020969;186.33640159874466;2.1908817374626626;1.0097986626943303;2.1908817374626626;1.678588888888889;0.5055555555555561;1.678588888888889;3021.46;910.000000000001;3931.460000000001
137;2151.848;1024.3280000000002;3176.1760000000004;0.0;0.0;0.0;71.06346468501516;55.25334600393038;71.06346468501516;1.3063709632229747;1.0157310392954624;1.3063709632229747;1.1954711111111112;0.5690711111111112;1.1954711111111112;2151.848;1024.3280000000002;3176.1760000000004
138;1345.7480000000014;84.16800000000013;1429.9160000000015;0.0;0.0;0.0;169.75262003160114;154.71729668420613;169.75262003160114;1.0971809622691333;1.0000014870112466;1.0971809622691333;0.8971653333333343;0.05611200000000009;0.8971653333333343;1345.7480000000014;84.16800000000013;1429.9160000000015
139;1672.5240000000017;305.996;1978.5200000000018;0.0;0.0;0.0;83.66863236652426;67.93851251760553;83.66863236652426;1.2318545678605928;1.0002597701352038;1.2318545678605928;1.1150160000000011;0.2039973333333333;1.1150160000000011;1672.5240000000017;305.996;1978.5200000000018
140;1216.5120000000009;658.4760000000003;1874.9880000000012;0.0;0.0;0.0;59.08530042568319;59.01607571264456;59.08530042568319;1.0012832665763471;1.0001101567453103;1.0012832665763471;0.30412800000000023;0.1646190000000001;0.30412800000000023;1216.5120000000009;658.4760000000003;1874.9880000000012
141;1216.5120000000009;658.4760000000003;1874.9880000000012;0.0;0.0;0.0;67.0866990889318;67.00809988642825;67.0866990889318;1.0012832665763471;1.0001101567453103;1.0012832665763471;0.30412800000000023;0.1646190000000001;0.30412800000000023;1216.5120000000009;658.4760000000003;1874.9880000000012
142;0.8560000000000005;338.34800000000024;339.20400000000024;0.0;0.0;0.0;146.17945474550783;146.23621796439707;146.23621796439707;1.000000000000016;1.0003883118800134;1.0003883118800134;0.000570666666666667;0.2255653333333335;0.2255653333333335;0.8560000000000005;338.34800000000024;339.20400000000024
143;215.02000000000018;1145.9080000000015;1360.9280000000017;0.0;0.0;0.0;32.80922445195097;34.48322254671362;34.48322254671362;1.0000633346905465;1.0510887443086765;1.0510887443086765;0.1433466666666668;0.7639386666666677;0.7639386666666677;215.02000000000018;1145.9080000000015;1360.9280000000017
144;666.4520000000005;1638.6919999999998;2305.1440000000002;0.0;0.0;0.0;54.62547685014531;58.21061873226873;58.21061873226873;1.0018494678184637;1.0676021658958166;1.0676021658958166;0.33322600000000024;0.8193459999999999;0.8193459999999999;666.4520000000005;1638.6919999999998;2305.1440000000002
145;1608.42;653.1520000000004;2261.5720000000006;0.0;0.0;0.0;47.35194357579364;39.72899947827201;47.35194357579364;1.1983006244206076;1.0053924144891115;1.1983006244206076;1.0722800000000001;0.4354346666666669;1.0722800000000001;1608.42;653.1520000000004;2261.5720000000006
146;1243.1199999999994;2.7559999999999993;1245.8759999999995;0.0;0.0;0.0;61.09115050621658;59.75336689148377;61.09115050621658;1.022388422349411;1.000000000000541;1.022388422349411;0.6215599999999997;0.0013779999999999997;0.6215599999999997;1243.1199999999994;2.7559999999999993;1245.8759999999995
147;4632.452000000004;205.84800000000013;4838.300000000004;0.0;0.0;0.0;167.48522743767703;118.67731041686255;167.48522743767703;1.4112680461939482;1.0000016034959345;1.4112680461939482;1.2867922222222232;0.057180000000000036;1.2867922222222232;4632.452000000004;205.84800000000013;4838.300000000004
148;3610.8840000000023;424.644;4035.528000000002;0.0;0.0;0.0;85.61703266454677;48.41660866976982;85.61703266454677;1.7686001056101195;1.0001470097911624;1.7686001056101195;1.5045350000000008;0.176935;1.5045350000000008;3610.8840000000023;424.644;4035.528000000002
149;4507.251999999998;390.12400000000036;4897.375999999998;0.0;0.0;0.0;73.20433362149473;25.54569932047264;73.20433362149473;2.865922719254492;1.0001047265907983;2.865922719254492;1.8780216666666656;0.16255166666666682;1.8780216666666656;4507.251999999998;390.12400000000036;4897.375999999998
150;7.804000000000005;1216.384000000001;1224.188000000001;0.0;0.0;0.0;156.33469397262525;166.47531109731165;166.47531109731165;1.0000000001098994;1.0648647903117243;1.0648647903117243;0.00520266666666667;0.8109226666666672;0.8109226666666672;7.804000000000005;1216.384000000001;1224.188000000001
151;4496.823999999999;390.12400000000036;4886.947999999999;0.0;0.0;0.0;109.19780371214264;38.33632284149212;109.19780371214264;2.848714522709749;1.0001047265907983;2.848714522709749;1.8736766666666662;0.16255166666666682;1.8736766666666662;4496.823999999999;390.12400000000036;4886.947999999999
152;12.692000000000005;4157.2800000000025;4169.9720000000025;0.0;0.0;0.0;49.222376568892535;115.6954829793883;115.6954829793883;1.0000000001173186;2.3504651960685408;2.3504651960685408;0.005288333333333336;1.732200000000001;1.732200000000001;12.692000000000005;4157.2800000000025;4169.9720000000025
153;112.4560000000001;4240.071999999999;4352.527999999999;0.0;0.0;0.0;59.27285967902387;145.8881507921827;145.8881507921827;1.0000007230641335;2.4612994390466465;2.4612994390466465;0.046856666666666706;1.7666966666666664;1.7666966666666664;112.4560000000001;4240.071999999999;4352.527999999999
154;6194.496000000011;1294.412000000002;7488.908000000013;0.0;0.0;0.0;161.3408372340387;43.51881640279128;161.3408372340387;3.726654728943832;1.0051987192197667;3.726654728943832;2.0648320000000036;0.43147066666666734;2.0648320000000036;6194.496000000011;1294.412000000002;7488.908000000013
155;641.4760000000007;4586.292000000003;5227.768000000004;0.0;0.0;0.0;63.8603090832996;191.45292189336095;191.45292189336095;1.0007655400954907;3.0002906270238396;3.0002906270238396;0.267281666666667;1.9109550000000013;1.9109550000000013;641.4760000000007;4586.292000000003;5227.768000000004
156;4693.428000000003;2519.9759999999997;7213.404000000002;0.0;0.0;0.0;289.72668503814606;107.25280188262562;289.72668503814606;3.1938500081423955;1.1823189918492243;3.1938500081423955;1.955595000000001;1.0499899999999998;1.955595000000001;4693.428000000003;2519.9759999999997;7213.404000000002
157;1.788000000000002;8.156000000000006;9.944000000000008;0.0;0.0;0.0;41.67095554324265;41.67095557083758;41.67095557083758;1.000000000001533;1.0000000006637433;1.0000000006637433;0.001788000000000002;0.008156000000000005;0.008156000000000005;1.788000000000002;8.156000000000006;9.944000000000008
158;12.692000000000005;4157.2800000000025;4169.9720000000025;0.0;0.0;0.0;38.6226381751254;90.78116680033013;90.78116680033013;1.0000000001173186;2.3504651960685408;2.3504651960685408;0.005288333333333336;1.732200000000001;1.732200000000001;12.692000000000005;4157.2800000000025;4169.9720000000025
159;5026.447999999999;0.0;5026.447999999999;0.0;0.0;0.0;130.91002402612617;0.0;130.91002402612617;3.8859650562458055;0.0;3.8859650562458055;2.0943533333333333;0.0;2.0943533333333333;5026.447999999999;0.0;5026.447999999999
160;10.427999999999997;0.0;10.427999999999997;0.0;0.0;0.0;118.26632584437615;0.0;118.26632584437615;1.0000000043304738;0.0;1.0000000043304738;0.013034999999999996;0.0;0.013034999999999996;10.427999999999997;0.0;10.427999999999997
161;0.0;0.0;0.0;0.0;0.0;0.0;92.56522062370355;0.0;92.56522062370355;1.0;0.0;1.0;0.0;0.0;0.0;0.0;0.0;0.0
162;3745.124000000001;1471.0519999999992;5216.176;0.0;0.0;0.0;59.83535789368556;58.53498373317308;59.83535789368556;1.0227693726052065;1.0005419988396402;1.0227693726052065;0.6241873333333335;0.24517533333333322;0.6241873333333335;3745.124000000001;1471.0519999999992;5216.176
163;0.0;0.0;0.0;0.0;0.0;0.0;116.73225543452011;116.73225543452011;116.73225543452011;1.0;1.0;1.0;0.0;0.0;0.0;0.0;0.0;0.0
164;1232.772000000001;1578.3999999999996;2811.1720000000005;0.0;0.0;0.0;161.83642607465129;200.92976416925586;200.92976416925586;1.1670695572010583;1.4489878242204737;1.4489878242204737;1.0273100000000008;1.315333333333333;1.315333333333333;1232.772000000001;1578.3999999999996;2811.1720000000005
165;1216.384000000001;7.804000000000005;1224.188000000001;0.0;0.0;0.0;34.98433950987437;30.20157819861561;34.98433950987437;1.1583613044719832;1.0000000002683092;1.1583613044719832;1.0136533333333342;0.0065033333333333375;1.0136533333333342;1216.384000000001;7.804000000000005;1224.188000000001
166;807.3160000000006;765.4920000000013;1572.8080000000018;0.0;0.0;0.0;276.7048860210841;259.2239622704957;276.7048860210841;1.491655041122155;1.3974192348413423;1.491655041122155;1.3455266666666676;1.2758200000000022;1.3455266666666676;807.3160000000006;765.4920000000013;1572.8080000000018
167;4086.1839999999984;5456.516000000002;9542.7;0.0;0.0;0.0;189.76552957638913;420.4121445246699;420.4121445246699;2.2604277840438844;5.007818302693872;5.007818302693872;1.702576666666666;2.273548333333334;2.273548333333334;4086.1839999999984;5456.516000000002;9542.7
168;5055.936000000002;3616.9680000000008;8672.904000000002;0.0;0.0;0.0;411.4020354569382;184.5446017310637;411.4020354569382;3.9542861847852193;1.773793287851193;3.9542861847852193;2.106640000000001;1.5070700000000004;2.106640000000001;5055.936000000002;3616.9680000000008;8672.904000000002
169;916.4640000000005;3380.5760000000037;4297.0400000000045;0.0;0.0;0.0;89.97688969212462;198.8323433677054;198.8323433677054;1.0066135237292861;2.2244303673261507;2.2244303673261507;0.45823200000000025;1.6902880000000018;1.6902880000000018;916.4640000000005;3380.5760000000037;4297.0400000000045
170;471.8840000000004;2218.636000000001;2690.5200000000013;0.0;0.0;0.0;109.04840410888812;187.0606029187211;187.0606029187211;1.0014691536936733;1.7179107317093776;1.7179107317093776;0.3145893333333336;1.4790906666666672;1.4790906666666672;471.8840000000004;2218.636000000001;2690.5200000000013
171;433.20399999999995;2221.7800000000043;2654.984000000004;0.0;0.0;0.0;101.06810446026937;173.8567186232825;173.8567186232825;1.0010435086537586;1.7219887574135284;1.7219887574135284;0.28880266666666665;1.4811866666666695;1.4811866666666695;433.20399999999995;2221.7800000000043;2654.984000000004
172;627.5400000000003;0.0;627.5400000000003;0.0;0.0;0.0;207.10468394595372;150.92888489361943;207.10468394595372;1.3722004511722803;1.0;1.3722004511722803;1.2550800000000006;0.0;1.2550800000000006;627.5400000000003;0.0;627.5400000000003
174;103.51200000000001;88.88800000000006;192.4000000000001;0.0;0.0;0.0;158.059442319897;158.0594269885684;158.059442319897;1.0000002126028291;1.0000001156055751;1.0000002126028291;0.03450400000000001;0.029629333333333355;0.03450400000000001;103.51200000000001;88.88800000000006;192.4000000000001
175;103.51200000000001;108.88800000000008;212.4000000000001;0.0;0.0;0.0;125.35122911075149;125.35123509356798;125.35123509356798;1.0000002126028291;1.0000002603312623;1.0000002603312623;0.03450400000000001;0.03629600000000002;0.03629600000000002;103.51200000000001;108.88800000000008;212.4000000000001
176;377.93199999999996;1386.7720000000015;1764.7040000000015;0.0;0.0;0.0;137.85802182480617;138.79696622576066;138.79696622576066;1.0000377799086266;1.0068489894542085;1.0068489894542085;0.12597733333333333;0.46225733333333385;0.46225733333333385;377.93199999999996;1386.7720000000015;1764.7040000000015
177;381.47600000000085;1902.8320000000012;2284.3080000000023;0.0;0.0;0.0;148.30939790798877;205.7901116101081;205.7901116101081;1.000627473087368;1.3884436338588764;1.3884436338588764;0.2543173333333339;1.2685546666666674;1.2685546666666674;381.47600000000085;1902.8320000000012;2284.3080000000023
178;3757.5400000000004;4690.628000000003;8448.168000000003;0.0;0.0;0.0;80.45713986118145;134.93379227526384;134.93379227526384;1.901282092225921;3.188619472824053;3.188619472824053;1.5656416666666668;1.9544283333333348;1.9544283333333348;3757.5400000000004;4690.628000000003;8448.168000000003
179;347.42000000000036;2824.920000000002;3172.3400000000024;0.0;0.0;0.0;67.93948317662458;108.48655090206054;108.48655090206054;1.0001365810792693;1.5970296363632066;1.5970296363632066;0.17371000000000017;1.412460000000001;1.412460000000001;347.42000000000036;2824.920000000002;3172.3400000000024
180;962.5000000000008;4039.2760000000026;5001.7760000000035;0.0;0.0;0.0;49.3895846419237;108.41125626819034;108.41125626819034;1.003880156521444;2.2035396673252596;2.2035396673252596;0.401041666666667;1.6830316666666678;1.6830316666666678;962.5000000000008;4039.2760000000026;5001.7760000000035
181;684.6760000000002;716.8240000000005;1401.5000000000007;0.0;0.0;0.0;123.51128388821093;123.51448745463314;123.51448745463314;1.0001287631856777;1.0001547039647123;1.0001547039647123;0.17116900000000004;0.17920600000000014;0.17920600000000014;684.6760000000002;716.8240000000005;1401.5000000000007
182;684.6760000000002;716.8240000000005;1401.5000000000007;0.0;0.0;0.0;36.20937451091311;36.21031368936467;36.21031368936467;1.0001287631856777;1.0001547039647123;1.0001547039647123;0.17116900000000004;0.17920600000000014;0.17920600000000014;684.6760000000002;716.8240000000005;1401.5000000000007
183;0.0;0.0;0.0;0.0;0.0;0.0;108.2887052098199;108.2887052098199;108.2887052098199;1.0;1.0;1.0;0.0;0.0;0.0;0.0;0.0;0.0
184;0.0;0.0;0.0;0.0;0.0;0.0;97.74204191362747;97.74204191362747;97.74204191362747;1.0;1.0;1.0;0.0;0.0;0.0;0.0;0.0;0.0
185;4264.040000000005;1850.6120000000012;6114.652000000006;0.0;0.0;0.0;19.885816869764117;16.773419625908343;19.885816869764117;1.1937030120456498;1.006872469000561;1.1937030120456498;1.0660100000000015;0.4626530000000003;1.0660100000000015;4264.040000000005;1850.6120000000012;6114.652000000006
186;2268.208000000004;3653.844000000001;5922.052000000005;0.0;0.0;0.0;60.26379234244945;65.54104353216903;65.54104353216903;1.0155089646195792;1.1044362571679218;1.1044362571679218;0.567052000000001;0.9134610000000002;0.9134610000000002;2268.208000000004;3653.844000000001;5922.052000000005
187;976.1000000000005;1849.22;2825.3200000000006;0.0;0.0;0.0;42.395474695318185;42.663268123096024;42.663268123096024;1.0005318982296514;1.0068518148847554;1.0068518148847554;0.24402500000000013;0.462305;0.462305;976.1000000000005;1849.22;2825.3200000000006
188;1603.1080000000002;115.22400000000006;1718.3320000000003;0.0;0.0;0.0;147.87891772972486;123.67687643244945;147.87891772972486;1.1956939270125826;1.0000052227352783;1.1956939270125826;1.0687386666666667;0.07681600000000004;1.0687386666666667;1603.1080000000002;115.22400000000006;1718.3320000000003
189;42.224000000000025;97.07199999999995;139.29599999999996;0.0;0.0;0.0;169.19220429439886;169.1926334851596;169.1926334851596;1.0000000941810905;1.0000026308866259;1.0000026308866259;0.02814933333333335;0.06471466666666663;0.06471466666666663;42.224000000000025;97.07199999999995;139.29599999999996
190;1547.0360000000007;73.00000000000001;1620.0360000000007;0.0;0.0;0.0;33.154479023838455;32.80649002728201;33.154479023838455;1.010607374938284;1.000000052589335;1.010607374938284;0.515678666666667;0.02433333333333334;0.515678666666667;1547.0360000000007;73.00000000000001;1620.0360000000007
191;962.5000000000008;4019.276000000001;4981.776000000002;0.0;0.0;0.0;83.83512565515848;124.15352862391295;124.15352862391295;1.0015893121111834;1.4832785942505429;1.4832785942505429;0.3208333333333336;1.339758666666667;1.339758666666667;962.5000000000008;4019.276000000001;4981.776000000002
192;97.07199999999995;44.540000000000006;141.61199999999997;0.0;0.0;0.0;105.5161823187301;105.5159170223101;105.5161823187301;1.0000026308866259;1.0000001166076582;1.0000026308866259;0.06471466666666663;0.02969333333333334;0.06471466666666663;97.07199999999995;44.540000000000006;141.61199999999997
193;367.796;2186.22;2554.0159999999996;0.0;0.0;0.0;262.7522238338157;440.3610901346411;440.3610901346411;1.00054219340374;1.6768644032167899;1.6768644032167899;0.24519733333333332;1.4574799999999999;1.4574799999999999;367.796;2186.22;2554.0159999999996
194;2773.608000000001;7017.760000000008;9791.36800000001;0.0;0.0;0.0;138.36019075605753;175.99578049352135;175.99578049352135;1.0068496216424807;1.2807244918662923;1.2807244918662923;0.4622680000000002;1.1696266666666681;1.1696266666666681;2773.608000000001;7017.760000000008;9791.36800000001
195;1276.7240000000008;544.7400000000004;1821.4640000000013;0.0;0.0;0.0;106.56364682412728;99.04437903619893;106.56364682412728;1.078725297833424;1.0026090553271119;1.078725297833424;0.8511493333333339;0.36316000000000026;0.8511493333333339;1276.7240000000008;544.7400000000004;1821.4640000000013
196;2183.0959999999995;5288.276000000002;7471.372000000001;0.0;0.0;0.0;89.34599405073341;97.17808572411332;97.17808572411332;1.0026289213482218;1.0905196176218823;1.0905196176218823;0.36384933333333325;0.8813793333333336;0.8813793333333336;2183.0959999999995;5288.276000000002;7471.372000000001
197;1674.8760000000004;3054.060000000005;4728.936000000005;0.0;0.0;0.0;96.55022386968234;97.43366951967637;97.43366951967637;1.0009107871511804;1.0100692359408416;1.0100692359408416;0.27914600000000006;0.5090100000000009;0.5090100000000009;1674.8760000000004;3054.060000000005;4728.936000000005
198;2296.0000000000014;3226.9999999999995;5523.000000000001;0.0;0.0;0.0;79.82275240792352;80.56548346344607;80.56548346344607;1.0032164276911408;1.0125511095178057;1.0125511095178057;0.3826666666666669;0.5378333333333333;0.5378333333333333;2296.0000000000014;3226.9999999999995;5523.000000000001
199;0.0;41.00000000000005;41.00000000000005;0.0;0.0;0.0;184.24430071485824;184.2443383761979;184.2443383761979;1.0;1.0000002044097946;1.0000002044097946;0.0;0.034166666666666706;0.034166666666666706;0.0;41.00000000000005;41.00000000000005
200;254.99999999999997;2873.9999999999986;3128.9999999999986;0.0;0.0;0.0;36.23969143670716;36.525839410704606;36.525839410704606;1.0000004893808594;1.00789647587215;1.00789647587215;0.042499999999999996;0.47899999999999976;0.47899999999999976;254.99999999999997;2873.9999999999986;3128.9999999999986
201;1542.4640000000015;420.0920000000004;1962.5560000000019;0.0;0.0;0.0;112.18151088498452;96.15744767869802;112.18151088498452;1.1677205854306973;1.0009227920990698;1.1677205854306973;1.0283093333333344;0.2800613333333336;1.0283093333333344;1542.4640000000015;420.0920000000004;1962.5560000000019
202;1643.6039999999998;641.0000000000006;2284.6040000000003;0.0;0.0;0.0;175.27517974161034;144.83445198066804;175.27517974161034;1.2162295183488738;1.0050021687751407;1.2162295183488738;1.0957359999999998;0.42733333333333373;1.0957359999999998;1643.6039999999998;641.0000000000006;2284.6040000000003
203;0.0;0.0;0.0;0.0;0.0;0.0;244.45538507442018;244.45538507442018;244.45538507442018;1.0;1.0;1.0;0.0;0.0;0.0;0.0;0.0;0.0
204;962.5000000000008;4016.9600000000014;4979.460000000002;0.0;0.0;0.0;66.61032971525697;98.57088283137557;98.57088283137557;1.0015893121111834;1.4821656513532642;1.4821656513532642;0.3208333333333336;1.3389866666666672;1.3389866666666672;962.5000000000008;4016.9600000000014;4979.460000000002
205;3900.064;3259.920000000001;7159.984;0.0;0.0;0.0;85.06204576613467;72.0027235798892;85.06204576613467;1.4284431222922316;1.2091385101032839;1.4284431222922316;1.3000213333333333;1.0866400000000003;1.3000213333333333;3900.064;3259.920000000001;7159.984
206;501.25600000000014;1860.856000000001;2362.112000000001;0.0;0.0;0.0;96.15545679896664;112.52897901289896;112.52897901289896;1.0009020686195311;1.1713374531528904;1.1713374531528904;0.27847555555555564;1.0338088888888894;1.0338088888888894;501.25600000000014;1860.856000000001;2362.112000000001
207;378.6520000000002;774.6799999999997;1153.3319999999999;0.0;0.0;0.0;93.05518602108894;93.07370221042952;93.07370221042952;1.0000120451528096;1.000211028284891;1.000211028284891;0.09466300000000005;0.19366999999999993;0.19366999999999993;378.6520000000002;774.6799999999997;1153.3319999999999
208;254.99999999999997;2873.9999999999986;3128.9999999999986;0.0;0.0;0.0;117.10864135689371;118.03332915453663;118.03332915453663;1.0000004893808594;1.00789647587215;1.00789647587215;0.042499999999999996;0.47899999999999976;0.47899999999999976;254.99999999999997;2873.9999999999986;3128.9999999999986
210;511.45200000000017;349.4439999999999;860.8960000000001;0.0;0.0;0.0;19.256914549188668;19.256310749291004;19.256914549188668;1.0000400932090683;1.000008736986118;1.0000400932090683;0.12786300000000003;0.08736099999999998;0.12786300000000003;511.45200000000017;349.4439999999999;860.8960000000001
213;289.67600000000016;179.82400000000018;469.50000000000034;0.0;0.0;0.0;73.90295882608774;73.90269920283859;73.90295882608774;1.000004125735227;1.0000006126915761;1.000004125735227;0.07241900000000004;0.044956000000000045;0.07241900000000004;289.67600000000016;179.82400000000018;469.50000000000034
215;395.00000000000017;537.0;932.0000000000002;0.0;0.0;0.0;86.7330277338106;86.74247363966735;86.74247363966735;1.0000450811122685;1.00015399385215;1.00015399385215;0.13166666666666674;0.179;0.179;395.00000000000017;537.0;932.0000000000002
216;145.00000000000009;958.0000000000007;1103.0000000000007;0.0;0.0;0.0;44.23055182317075;44.762604831850865;44.762604831850865;1.0000063164526891;1.012035476104481;1.012035476104481;0.0805555555555556;0.5322222222222226;0.5322222222222226;145.00000000000009;958.0000000000007;1103.0000000000007
217;2873.9999999999986;254.99999999999997;3128.9999999999986;0.0;0.0;0.0;39.19956936234551;38.892475054984565;39.19956936234551;1.00789647587215;1.0000004893808594;1.00789647587215;0.47899999999999976;0.042499999999999996;0.47899999999999976;2873.9999999999986;254.99999999999997;3128.9999999999986
218;2449.0000000000005;1330.9999999999998;3780.0;0.0;0.0;0.0;70.26932588487688;68.94539163716522;70.26932588487688;1.021076885403438;1.001838922876985;1.021076885403438;0.6122500000000001;0.33274999999999993;0.6122500000000001;2449.0000000000005;1330.9999999999998;3780.0
221;351.5240000000001;1395.1680000000006;1746.6920000000007;0.0;0.0;0.0;148.0781819207888;164.62723324973342;164.62723324973342;1.0004524245349393;1.1122618640555593;1.1122618640555593;0.2343493333333334;0.9301120000000004;0.9301120000000004;351.5240000000001;1395.1680000000006;1746.6920000000007
223;346.19599999999997;1248.0599999999995;1594.2559999999994;0.0;0.0;0.0;125.61076583369102;134.58363492380363;134.58363492380363;1.000425612530415;1.0718899332520664;1.0718899332520664;0.23079733333333333;0.8320399999999997;0.8320399999999997;346.19599999999997;1248.0599999999995;1594.2559999999994
225;646.3240000000003;1732.176;2378.5;0.0;0.0;0.0;248.6639665288103;252.72789470460384;252.72789470460384;1.0003231523896763;1.0166714858480506;1.0166714858480506;0.21544133333333343;0.577392;0.577392;646.3240000000003;1732.176;2378.5
227;907.6320000000006;107.29600000000002;1014.9280000000007;0.0;0.0;0.0;161.7079968180633;146.7705641378622;161.7079968180633;1.1017959397349542;1.0000198804122569;1.1017959397349542;0.9076320000000007;0.10729600000000002;0.9076320000000007;907.6320000000006;107.29600000000002;1014.9280000000007
